Loi,Paramètre_1,Paramètre_2,AIC
Weibull,β=32.5256,η=3986.4677h,183.4656972781081
Exponentielle,λ=0.000255,MTBF=3915.3915h,261.6347772023894
Log-Normale,σ=0.0469,scale=3911.2080h,189.6687245897047
Gamma,k=467.8672,θ=8.3686h,189.27051342478387
