Model,R2,RMSE_cycles,MAE_cycles,MAPE_percent,SEQ_LENGTH,Epochs,Architecture
GRU,0.9745364189147949,49.952091305382304,38.41694641113281,30.455400598406424,20,45,GRU_64_32
