Battery_ID,N_Cycles_Test,RUL_Real_Last,RUL_Predicted_Last,Error_Last_h,Error_Last_min,R²,RMSE_h,MAE_h
4,1061,0.000278,0.032531,0.032254,1.940000,0.980100,0.012373,0.010044
7,1061,0.000278,0.014451,0.014173,0.850000,0.983300,0.011328,0.007933
11,1057,0.000278,0.039695,0.039417,2.370000,0.953200,0.018989,0.015314
